11.05,23:00,Dota 2. WePlay! Pushka League,Vp.prodigy,Team Secret,П1,3.71,П2,1.22
12.05,02:00,Dota 2. WePlay! Pushka League,ViKin.gg,Yolo Knight,П1,1.07,П2,6.37
11.05,21:00,CS:GO. BLAST Rising,Tricked eSport,ALTERNATE aTTaX,П1,2.56,П2,1.43
11.05,22:15,CS:GO. BLAST Rising,Team EndPoint,Salamander,П1,1.35,П2,2.86
11.05,23:30,CS:GO. BLAST Rising,Salamander,ALTERNATE aTTaX,П1,2.3,П2,1.52
12.05,00:45,CS:GO. BLAST Rising,Team EndPoint,Tricked eSport,П1,1.35,П2,2.83
12.05,02:00,CS:GO. BLAST Rising,ALTERNATE aTTaX,Team EndPoint,П1,1.96,П2,1.72
12.05,03:15,CS:GO. BLAST Rising,Tricked eSport,Salamander,П1,1.92,П2,1.75
12.05,12:00,CS:GO. BW ASIA MASTERS,Let's Quit,Invictus Gaming,П1,5.26,П2,1.11
13.05,12:00,CS:GO. BW ASIA MASTERS,Let's Quit,OneThree. TSG,П1,3.96,П2,1.2
13.05,15:00,CS:GO. BW ASIA MASTERS,Invictus Gaming,Team Zero,П1,2.03,П2,1.68
14.05,15:00,CS:GO. BW ASIA MASTERS,Team Aster,OneThree. TSG,П1,4.75,П2,1.14
11.05,22:00,CS:GO. COOL Liga,Universe,GUNRUNNERS,П1,3.54,П2,1.24
11.05,23:20,CS:GO. COOL Liga,TEAM GRAVITY,Bloody Devils,П1,1.37,П2,2.78
12.05,00:40,CS:GO. COOL Liga,SinnerS,Dark Tigers,П1,1.28,П2,3.29
12.05,23:00,CS:GO. Cyber Cup,OG Seed,Nemiga Gaming,П1,1.38,П2,2.76
19.05,18:00,CS:GO. DreamHack Masters,Astralis,Heroic,П1,1.09,П2,5.6
19.05,21:30,CS:GO. DreamHack Masters,G2 Esports,North,П1,1.21,П2,3.74
21.05,02:10,CS:GO. DreamHack Masters,MIBR,FURIA,П1,2.38,П2,1.49
22.05,18:00,CS:GO. DreamHack Masters,Mousesports,compLexity,П1,1.38,П2,2.71
22.05,21:30,CS:GO. DreamHack Masters,MAD Lions,BIG,П1,1.49,П2,2.37
25.05,18:00,CS:GO. DreamHack Masters,Fnatic,Team Spirit,П1,1.29,П2,3.15
11.05,22:00,CS:GO. Elgiganten League,Ignite,kinetic,П1,1.84,П2,1.84
11.05,23:00,CS:GO. Elgiganten League,Obsidian Esports,Sorby Flames,П1,1.66,П2,2.06
11.05,23:00,CS:GO. Elgiganten League,Spirit of Amiga,Lyngby Vikings,П1,3.54,П2,1.24
12.05,00:00,CS:GO. Elgiganten League,Lyngby Vikings,Aalborg Rebels,П1,1.41,П2,2.63
12.05,00:00,CS:GO. Elgiganten League,Aalborg Rebels,Obsidian Esports,П1,1.41,П2,2.63
12.05,01:00,CS:GO. Elgiganten League,kinetic,Spirit of Amiga,П1,1.32,П2,3.03
12.05,01:00,CS:GO. Elgiganten League,Sorby Flames,Ambush,П1,3.23,П2,1.28
12.05,02:00,CS:GO. Elgiganten League,Atlando,AGF,П1,4.12,П2,1.18
12.05,21:00,CS:GO. ESEA,Nordavind,GamerLegion,П1,1.69,П2,2.02
12.05,21:00,CS:GO. ESEA,Demolition Crew,PACT,П1,2.13,П2,1.62
12.05,22:00,CS:GO. ESEA,Nemiga Gaming,Team Singularity,П1,1.46,П2,2.48
12.05,22:00,CS:GO. ESEA,Sprout,Team EndPoint,П1,1.63,П2,2.11
12.05,23:00,CS:GO. ESEA,Demolition Crew,FATE eSports,П1,2.13,П2,1.62
11.05,23:00,CS:GO. ESL,Movistar Riders,sAw,П1,1.35,П2,2.88
11.05,23:30,CS:GO. ESL,Cyberwolves,AGO,П1,4.12,П2,1.18
12.05,00:30,CS:GO. ESL,PACT,Wisla Krakow,П1,1.65,П2,2.07
12.05,01:00,CS:GO. ESL,The Dice,LDLC,П1,2.74,П2,1.38
12.05,02:30,CS:GO. ESL,Wisla Krakow,PACT,П1,1.97,П2,1.73
12.05,22:00,CS:GO. ESL,Izako Boars,CLEANTmix,П1,1.65,П2,2.07
12.05,23:00,CS:GO. ESL,CLEANTmix,Izako Boars,П1,2.07,П2,1.65
12.05,23:00,CS:GO. ESL,Tenerife Titans,Sateliti,П1,1.17,П2,4.26
13.05,00:00,CS:GO. ESL,AVEZ,Illuminar Gaming,П1,2.44,П2,1.47
13.05,00:00,CS:GO. ESL,Mynec Gaming,LAMIF,П1,2.33,П2,1.52
13.05,01:00,CS:GO. ESL,Illuminar Gaming,AVEZ,П1,1.47,П2,2.44
13.05,01:00,CS:GO. ESL,ONE One,Fwrd,П1,2.82,П2,1.36
13.05,02:00,CS:GO. ESL,Reunie,Sector One,П1,1.67,П2,2.04
12.05,23:15,CS:GO. ESL Meisterschaft,Planetkey,Team SkinBaron,П1,1.37,П2,2.78
12.05,23:15,CS:GO. ESL Meisterschaft,TKA E-Sports,Touch the crown,П1,2.03,П2,1.68
12.05,14:50,CS:GO. Home Sweet Home Cup,Hard Legion Esports,ALTERNATE aTTaX,П1,1.74,П2,1.94
12.05,16:20,CS:GO. Home Sweet Home Cup,Ambush,Salamander,П1,3.53,П2,1.24
12.05,02:00,CS:GO. LVP Assault Division,Giants Gaming Fe,GTZ Bulls Esports,П1,4.6,П2,1.15
13.05,02:00,CS:GO. LVP Unity League,QLASH,S2V Esports,П1,5.75,П2,1.09
14.05,01:00,CS:GO. LVP Unity League,Wygers,FOR The Win Esports,П1,1.26,П2,3.41
14.05,02:00,CS:GO. LVP Unity League,KPI Gaming,Team Heretics,П1,4.62,П2,1.15
12.05,18:00,CS:GO. Maopea Streamers Challenge,Let's Quit,OB,П1,2.19,П2,1.63
12.05,19:00,CS:GO. SECTOR: MOSTBET,Espada,Pompa Team,П1,1.31,П2,3.08
12.05,22:30,CS:GO. SECTOR: MOSTBET,Team LDLC,Natus Vincere Junior,П1,1.49,П2,2.4
12.05,23:00,CS:GO. Svenska Elitserien,Vinkelparty,Prima eSport,П1,2.94,П2,1.34
12.05,23:00,CS:GO. Svenska Elitserien,Lilmix,Benimobroderna,П1,1.06,П2,6.83
13.05,00:00,CS:GO. Svenska Elitserien,soyboysxP,Begrip Gaming,П1,4.21,П2,1.18
13.05,01:00,CS:GO. Svenska Elitserien,GoBananas,Sons of Lennart,П1,2.6,П2,1.42
14.05,00:00,CS:GO. Svenska Elitserien,Fightclub,flisk,П1,1.18,П2,4.19
14.05,00:00,CS:GO. Svenska Elitserien,Benimobroderna,Prima eSport,П1,8.25,П2,1.03
14.05,01:00,CS:GO. Svenska Elitserien,Begrip Gaming,Vinkelparty,П1,2.24,П2,1.56
14.05,01:00,CS:GO. Svenska Elitserien,Madvillainy,Lilmix,П1,10,П2,1.01
15.05,00:00,CS:GO. Svenska Elitserien,Sons of Lennart,soyboysxP,П1,1.15,П2,4.62
15.05,01:00,CS:GO. Svenska Elitserien,Fightclub,GoBananas,П1,1.3,П2,3.13
15.05,01:00,CS:GO. Svenska Elitserien,flisk,9INE,П1,2.17,П2,1.6
15.05,01:00,CS:GO. Svenska Elitserien,Mygame Esports,Lotb,П1,1.42,П2,2.6
13.05,01:00,Dota 2. Asia Spring Invitational,Keen Gaming,Invictus Gaming,П1,6.54,П2,1.07
14.05,14:00,Dota 2. China Pro League,Invictus Gaming,CDEC Gaming,П1,1.42,П2,2.6
14.05,17:00,Dota 2. China Pro League,Sparking Arrow Gaming,CDEC Gaming,П1,2.07,П2,1.65
15.05,17:00,Dota 2. China Pro League,Newbee,Team Aster,П1,2.54,П2,1.44
16.05,17:00,Dota 2. China Pro League,PSG.LGD,CDEC Gaming,П1,1.42,П2,2.6
17.05,14:00,Dota 2. China Pro League,Vici Gaming,Invictus Gaming,П1,1.64,П2,2.09
17.05,17:00,Dota 2. China Pro League,PSG.LGD,EHOME,П1,1.42,П2,2.6
12.05,09:00,Dota 2. Cyber Cup,Geek Fam,T1 Gaming,П1,1.35,П2,2.88
12.05,12:00,Dota 2. Cyber Cup,Neon Esports,LGD.International,П1,1.45,П2,2.51
12.05,15:00,Dota 2. Cyber Cup,Cignal Ultra,Team CR,П1,2.04,П2,1.67
12.05,15:00,Dota 2. Cyber Cup,T1 Gaming,Team CR,П1,1.93,П2,1.75
12.05,14:00,Dota 2. DPL-CDA Professional League,Keen Gaming,Team Aster,П1,4.97,П2,1.13
12.05,17:00,Dota 2. DPL-CDA Professional League,Invictus Gaming,NewBee,П1,1.24,П2,3.55
13.05,14:00,Dota 2. DPL-CDA Professional League,Royal Never Give Up,Keen Gaming,П1,1.04,П2,7.75
13.05,17:00,Dota 2. DPL-CDA Professional League,Vici Gaming,Sparking Arrow Gaming,П1,1.4,П2,2.69
14.05,14:00,Dota 2. DPL-CDA Professional League,EHOME,Keen Gaming,П1,1.08,П2,6.03
14.05,17:00,Dota 2. DPL-CDA Professional League,NewBee,PSG.LGD,П1,4.21,П2,1.18
15.05,14:00,Dota 2. DPL-CDA Professional League,Invictus Gaming,Team Aster,П1,1.64,П2,2.09
15.05,17:00,Dota 2. DPL-CDA Professional League,Keen Gaming,PSG.LGD,П1,6.98,П2,1.06
16.05,17:00,Dota 2. DPL-CDA Professional League,Royal Never Give Up,Sparking Arrow Gaming,П1,1.34,П2,2.94
17.05,14:00,Dota 2. DPL-CDA Professional League,CDEC Gaming,Sparking Arrow Gaming,П1,1.64,П2,2.09
17.05,17:00,Dota 2. DPL-CDA Professional League,Royal Never Give Up,Team Aster,П1,1.49,П2,2.41
11.05,22:00,Dota 2. Global Infection Cup,MOTACI,Cyberium,П1,3.72,П2,1.22
11.05,22:00,Dota 2. Global Infection Cup,Let's Have Fun,KBU,П1,2.12,П2,1.62
12.05,09:00,Dota 2. Hephaestus Cup,Denique,Team Adroit,П1,3.75,П2,1.22
12.05,12:00,Dota 2. Hephaestus Cup,Goodfellaz,Team Adroit,П1,3.09,П2,1.31
12.05,15:00,Dota 2. Hephaestus Cup,496 Gaming,LGD.International,П1,3.74,П2,1.22
12.05,08:30,Dota 2. Masters Tournament,Team Galaxy,Team Varanid,П1,1.69,П2,2.01
12.05,11:30,Dota 2. Masters Tournament,Team Destiny,Team Varanid,П1,2.03,П2,1.68
12.05,14:30,Dota 2. Masters Tournament,Team Ethereal,Team Brave,П1,1.76,П2,1.92
13.05,16:00,King of Glory. KPL,TTG X-Quest,Vici Gaming,П1,1.23,П2,3.94
13.05,18:00,King of Glory. KPL,Dynamite Gaming,QG Happy,П1,1.23,П2,3.88
14.05,16:00,King of Glory. KPL,LGD Goose,GK Gaming,П1,1.14,П2,5.26
14.05,18:00,King of Glory. KPL,YTG,AG Super Play,П1,5.87,П2,1.11
15.05,16:00,King of Glory. KPL,Rng.m,TS Gaming,П1,1.74,П2,2.02
15.05,18:00,King of Glory. KPL,RW1,Top Esports,П1,1.75,П2,2
16.05,13:00,King of Glory. KPL,Team WE,Hero,П1,1.28,П2,3.5
16.05,16:00,King of Glory. KPL,eStar Pro,Edgm,П1,1.28,П2,3.5
16.05,18:00,King of Glory. KPL,LGD Goose,QG Happy,П1,1.16,П2,4.83
17.05,13:00,King of Glory. KPL,Team WE,TTG X-Quest,П1,2.02,П2,1.74
17.05,16:00,King of Glory. KPL,Rng.m,Vici Gaming,П1,1.28,П2,3.48
17.05,18:00,King of Glory. KPL,eStar Pro,YTG,П1,1.55,П2,2.36
13.05,12:00,King of Glory. KPLGT,Mighty Tiger Gaming,Ghost Owl Gaming,П1,1.23,П2,3.94
13.05,03:00,League of Legends. BRCC,Havan Liberty Gaming,Team oNe eSports,П1,2.17,П2,1.6
12.05,15:00,Rainbow Six. Six Masters,Pittsburgh Knights,Kanga Esports,П1,1.56,П2,2.23
12.05,16:15,Rainbow Six. Six Masters,Kanga Esports,Pittsburgh Knights,П1,2.19,П2,1.58
12.05,17:30,Rainbow Six. Six Masters,TBD,Team Ferox,П1,1.31,П2,3.1
12.05,18:45,Rainbow Six. Six Masters,Team Ferox,TBD,П1,3.03,П2,1.32
13.05,15:00,Rainbow Six. Six Masters,Wildcard Gaming,LFO,П1,1.42,П2,2.61
13.05,16:15,Rainbow Six. Six Masters,LFO,Wildcard Gaming,П1,2.56,П2,1.43
13.05,17:30,Rainbow Six. Six Masters,Elevate,Team SiNister,П1,1.52,П2,2.32
13.05,18:45,Rainbow Six. Six Masters,Team SiNister,Elevate,П1,2.32,П2,1.52
12.05,14:00,Starcraft 2. Alpha Pro Series,Patience,Dream,П1,3.29,П2,1.28
13.05,13:00,Starcraft 2. Alpha Pro Series,Astrea,Armani,П1,3.88,П2,1.2
12.05,18:30,Starcraft 2. Gold Series,Dragon Phoenix Gaming,Alpha X,П1,1.01,П2,9.75
13.05,15:30,Starcraft 2. GSL,Trap,Bunny,П1,1.21,П2,3.86
13.05,15:30,Starcraft 2. GSL,PartinG,soO,П1,2.63,П2,1.41
16.05,10:00,Starcraft 2. GSL,Maru,Ragnarok,П1,1.05,П2,7.45
16.05,10:00,Starcraft 2. GSL,Innovation,Zest,П1,1.4,П2,2.67
15.05,18:00,Starcraft 2. IntoTheAlphaX Pro Circuit,Rogue,TY,П1,2.16,П2,1.6
15.05,18:00,Starcraft 2. IntoTheAlphaX Pro Circuit,Zoun,Creator,П1,2.16,П2,1.6
17.05,16:00,Starcraft 2. IntoTheAlphaX Pro Circuit,Solar,Cure,П1,3.13,П2,1.3
17.05,16:00,Starcraft 2. IntoTheAlphaX Pro Circuit,Astrea,HURRICANE,П1,4.12,П2,1.18
11.05,22:00,Starcraft 2. WardiTV,GungFuBanDa,TLO,П1,1.28,П2,3.29
11.05,22:00,Starcraft 2. WardiTV,GungFuBanDa,Soul,П1,2.24,П2,1.56
11.05,22:00,Starcraft 2. WardiTV,Namshar,TLO,П1,1.79,П2,1.89
11.05,22:00,Starcraft 2. WardiTV,Namshar,Neeb,П1,3.88,П2,1.2
11.05,22:00,Starcraft 2. WardiTV,GungFuBanDa,Neeb,П1,2.93,П2,1.34
11.05,22:00,Starcraft 2. WardiTV,GungFuBanDa,Namshar,П1,1.34,П2,2.93
11.05,22:00,Starcraft 2. WardiTV,Neeb,TLO,П1,1.13,П2,4.87
11.05,22:00,Starcraft 2. WardiTV,Soul,TLO,П1,1.23,П2,3.62
11.05,22:00,Starcraft 2. WardiTV,Namshar,Soul,П1,2.93,П2,1.34
11.05,22:00,Starcraft 2. WardiTV,Neeb,Soul,П1,1.4,П2,2.69
15.05,17:00,Starcraft 2. WardiTV,Cure,TY,П1,1.8,П2,1.87
15.05,17:00,Starcraft 2. WardiTV,PartinG,soO,П1,2.74,П2,1.38
15.05,17:45,Starcraft 2. WardiTV,Cure,Solar,П1,1.3,П2,3.13
15.05,17:45,Starcraft 2. WardiTV,PartinG,TY,П1,2.24,П2,1.56
15.05,18:30,Starcraft 2. WardiTV,Cure,soO,П1,1.51,П2,2.35
15.05,18:30,Starcraft 2. WardiTV,TY,Solar,П1,1.38,П2,2.74
